{"initial_reset_timestamp": 1626713517.734831, "timestamps": [1626713520.1002738], "episode_lengths": [23], "episode_rewards": [23.0], "episode_types": ["t"]}